{"cameraMode":{"drawMode":0,"name":"Shaded","section":"Shading Mode"},"sceneLighting":true,"audioPlay":false,"sceneViewState":{"m_AlwaysRefresh":false,"showFog":true,"showSkybox":true,"showFlares":true,"showImageEffects":true,"showParticleSystems":true,"showVisualEffectGraphs":true,"m_FxEnabled":true},"in2DMode":false,"pivot":{"x":-0.1942419856786728,"y":0.985674262046814,"z":0.03530362248420715},"rotation":{"x":0.036901529878377917,"y":-0.8949204087257385,"z":0.07535062730312348,"w":0.4382697343826294},"size":1.1666756868362427,"orthographic":true}