{"cameraMode":{"drawMode":0,"name":"Shaded","section":"Shading Mode"},"sceneLighting":false,"audioPlay":false,"sceneViewState":{"m_AlwaysRefresh":false,"showFog":true,"showSkybox":false,"showFlares":true,"showImageEffects":true,"showParticleSystems":true,"showVisualEffectGraphs":true,"m_FxEnabled":true},"in2DMode":false,"pivot":{"x":0.15730835497379304,"y":1.780091404914856,"z":0.0652175024151802},"rotation":{"x":-0.05183519795536995,"y":0.9477140307426453,"z":-0.2377684861421585,"w":-0.20666173100471497},"size":0.0016173269832506776,"orthographic":false}