{"cameraMode":{"drawMode":0,"name":"Shaded","section":"Shading Mode"},"sceneLighting":true,"audioPlay":false,"sceneViewState":{"m_AlwaysRefresh":false,"showFog":true,"showSkybox":true,"showFlares":true,"showImageEffects":true,"showParticleSystems":true,"showVisualEffectGraphs":true,"m_FxEnabled":true},"in2DMode":false,"pivot":{"x":1.095495581626892,"y":2.185596227645874,"z":1.4945471286773682},"rotation":{"x":-0.07176022231578827,"y":0.9255850911140442,"z":-0.22386868298053742,"w":-0.2966930568218231},"size":0.15232934057712556,"orthographic":false}